Year,Player,MIN,PTS,FGM,FGA,FTM,FTA,TOV,Is_All_Star
2011,Kevin Durant,38.9,27.7,9.1,19.7,7.6,8.7,2.8,All Star
2011,Carmelo Anthony,35.7,25.6,8.9,19.5,6.6,7.9,2.7,All Star
2011,Kobe Bryant,33.9,25.3,9,20,5.9,7.1,3,All Star
2011,Derrick Rose,37.4,25,8.8,19.7,5.9,6.9,3.4,All Star
2011,Monta Ellis,40.3,24.1,9.1,20.1,4.3,5.4,3.2,Regular
2011,Kevin Martin,32.5,23.5,6.9,15.8,7.4,8.4,2.3,Regular
2011,Dirk Nowitzki,34.3,23,8.4,16.2,5.4,6.1,1.9,All Star
2011,Russell Westbrook,34.7,21.9,7.5,17,6.5,7.7,3.9,All Star
2011,LaMarcus Aldridge,39.6,21.8,8.7,17.5,4.3,5.5,1.9,All Star
2011,Danny Granger,35,20.5,6.8,15.9,5,5.9,2.6,Regular
2011,Brook Lopez,35.2,20.4,7.9,16,4.7,6,2.1,Regular
2011,Kevin Love,35.8,20.2,6.6,14.1,5.8,6.8,2.1,All Star
2011,Zach Randolph,36.3,20.1,8,15.8,4,5.3,2,Regular
2011,Michael Beasley,32.3,19.2,7.7,17.1,3,4,2.7,Regular
2011,Paul Pierce,34.7,18.9,6.3,12.8,4.8,5.6,2.1,All Star
2011,David West,35,18.9,7.5,14.9,3.8,4.7,2,Regular
2011,Pau Gasol,37,18.8,7.2,13.7,4.3,5.2,1.7,Regular
2011,Al Jefferson,35.9,18.6,8,16.1,2.7,3.5,1.3,Regular
2011,Stephen Curry,33.6,18.6,6.8,14.2,2.9,3.1,3.1,Regular
2011,Luis Scola,32.6,18.3,7.7,15.3,2.9,3.9,2,Regular
2011,Tony Parker,32.4,17.5,7.1,13.7,3,3.9,2.6,All Star
2011,Luol Deng,39.1,17.4,6.5,14.1,3.1,4.1,1.9,All Star
2011,Manu Ginobili,30.3,17.4,5.5,12.7,4.5,5.1,2.2,Regular
2011,DeMar DeRozan,34.8,17.2,6.6,14.1,4,4.9,1.8,Regular
2011,Chauncey Billups,32.1,16.8,4.7,11,5.3,5.8,2.5,Regular
2011,Josh Smith,34.4,16.5,6.5,13.5,3,4.1,2.6,Regular
2011,Ray Allen,36.1,16.5,6,12.2,2.4,2.7,1.5,Regular
2011,David Lee,36.1,16.5,6.8,13.4,2.9,3.7,2.3,Regular
2011,Dorell Wright,38.4,16.4,5.9,14,2.2,2.8,1.6,Regular
2011,Wesley Matthews,33.6,15.9,5.4,11.9,3.2,3.8,1.7,Regular
2011,Chris Paul,36,15.9,5.4,11.6,4.2,4.8,2.2,All Star
2011,Jason Terry,31.3,15.8,6,13.3,2.2,2.6,2,Regular
2011,Gerald Wallace,37.9,15.7,5.4,12,3.9,5.3,2.1,Regular
2011,Jason Richardson,33.9,15.6,5.9,13.2,1.5,2,1.2,Regular
2011,Raymond Felton,36.5,15.5,5.7,13.4,2.6,3.2,2.9,Regular
2011,Al Horford,35.1,15.3,6.7,12,1.9,2.4,1.5,Regular
2011,Wilson Chandler,33.3,15.3,6,13.2,1.8,2.2,1.4,Regular
2011,Kevin Garnett,31.3,14.9,6.1,11.6,2.6,3.1,1.6,Regular
2011,Steve Nash,33.3,14.7,5.3,10.8,3,3.3,3.5,All Star
2011,Nene,30.5,14.5,5.4,8.7,3.8,5.4,1.8,Regular
2011,Lamar Odom,32.2,14.4,5.8,10.9,2,3,1.7,Regular
2011,D.J. Augustin,33.6,14.4,4.9,11.7,3.3,3.6,1.9,Regular
2011,Jamal Crawford,30.2,14.2,4.8,11.5,2.9,3.4,1.9,Regular
2011,Tayshaun Prince,32.8,14.1,6.1,12.8,1.5,2.2,1.1,Regular
2011,John Salmons,35,14,5.1,12.3,2.7,3.3,1.9,Regular
2011,Vince Carter,28.1,14,5.3,12.2,1.8,2.4,1.2,Regular
2011,Jrue Holiday,35.4,14,5.4,12.2,2.1,2.5,2.7,Regular
2011,JJ Hickson,28.2,13.8,5.4,11.7,3.1,4.6,2.2,Regular
2011,Lou Williams,23.3,13.7,4.3,10.6,3.9,4.7,1.4,Regular
2011,Kyle Lowry,34.2,13.5,4.6,10.8,2.6,3.3,2.1,Regular
2011,Tim Duncan,28.4,13.4,5.5,11,2.4,3.4,1.6,Regular
2011,Jeff Green,32.4,13.3,4.9,10.9,2.6,3.3,1.3,Regular
2011,Grant Hill,30.1,13.2,5,10.3,2.7,3.2,1.7,Regular
2011,Darren Collison,29.9,13.2,5,11,2.6,2.9,2.5,Regular
2011,Jameer Nelson,30.5,13.1,4.9,11,1.7,2.1,2.6,Regular
2011,CJ Miles,25.2,12.8,4.7,11.5,2,2.5,1.2,Regular
2011,Marcus Thornton,24.3,12.8,4.8,11.1,2,2.5,1.3,Regular
2011,Thaddeus Young,26,12.7,5.6,10.3,1.5,2.1,1.2,Regular
2011,Andre Miller,32.7,12.7,4.8,10.4,3.1,3.6,2.4,Regular
2011,Channing Frye,33,12.7,4.6,10.8,1.2,1.4,0.9,Regular
2011,Roy Hibbert,27.7,12.7,5.1,11,2.5,3.4,2.3,All Star
2011,Shawn Marion,28.2,12.5,5.4,10.4,1.6,2.1,1.6,Regular
2011,Nicolas Batum,31.5,12.4,4.6,10.1,1.7,2.1,1,Regular
2011,JR Smith,24.9,12.3,4.3,9.9,2.1,2.8,1.3,Regular
2011,James Harden,26.7,12.2,3.6,8.3,3.5,4.2,1.3,Regular
2011,Carl Landry,26.4,11.9,4.5,9,2.8,3.8,1.4,Regular
2011,Marc Gasol,31.9,11.7,4.5,8.5,2.7,3.6,1.8,All Star
2011,Glen Davis,29.5,11.7,4.6,10.3,2.5,3.4,1.1,Regular
2011,O.J. Mayo,26.3,11.3,4.3,10.5,1.4,1.8,1.4,Regular
2011,Boris Diaw,33.9,11.3,4.6,9.4,1,1.5,2,Regular
2011,Brandon Bass,26.1,11.2,4.4,8.5,2.5,3.1,1.3,Regular
2011,Ben Gordon,26,11.2,4.1,9.4,1.7,2,1.7,Regular
2011,Richard Jefferson,30.4,11,3.8,7.9,1.8,2.4,1.1,Regular
2011,Tyler Hansbrough,21.9,11,4.1,8.8,2.8,3.6,1.1,Regular
2011,Hedo Turkoglu,31.4,10.8,4,8.9,1.3,1.9,1.6,Regular
2011,Gilbert Arenas,25.7,10.8,3.8,10.5,1.7,2.2,2.5,Regular
2011,Al Harrington,22.8,10.5,3.8,9.2,1.2,1.6,1.5,Regular
2011,Jodie Meeks,27.9,10.5,3.3,7.7,2.1,2.3,0.8,Regular
2011,Marco Belinelli,24.5,10.5,3.8,8.6,1.2,1.6,1,Regular
2011,Kirk Hinrich,30,10.2,3.9,8.7,1.5,1.8,1.7,Regular
2011,Marcin Gortat,25.4,10.2,4.2,7.5,1.8,2.4,1,Regular
2011,Tyson Chandler,27.8,10.1,3.6,5.5,2.9,4,1.2,Regular
2011,JaVale McGee,27.8,10.1,4.2,7.6,1.7,2.9,1.3,Regular
2011,Serge Ibaka,27,9.9,4.1,7.5,1.7,2.2,0.9,Regular
2011,Gary Neal,21.1,9.8,3.6,7.9,1.1,1.3,1,Regular
2011,Jordan Farmar,24.6,9.6,3.5,8.9,1.1,1.4,1.9,Regular
2011,Amir Johnson,25.7,9.6,3.9,6.9,1.8,2.2,1,Regular
2011,J.J. Barea,20.6,9.5,3.5,8,1.6,1.9,1.7,Regular
2011,Greg Monroe,27.8,9.4,3.8,6.9,1.8,2.9,1,Regular
2011,Reggie Williams,20.3,9.2,3.4,7.2,1.3,1.7,0.7,Regular
2011,Jerryd Bayless,21.1,9.2,3.1,7.3,2.3,2.9,1.8,Regular
2011,Darrell Arthur,20.1,9.1,3.9,7.8,1.4,1.7,1.1,Regular
2011,Wesley Johnson,26.2,9,3.4,8.6,0.8,1.2,1.2,Regular
2011,Tony Allen,20.8,8.9,3.5,6.8,1.9,2.5,1.2,Regular
2011,Jarrett Jack,20.7,8.9,3.1,7.7,2.2,2.6,1.3,Regular
2011,Jason Thompson,23.3,8.8,3.6,7.1,1.6,2.7,1.3,Regular
2011,Shannon Brown,19.1,8.7,3.3,7.8,1.1,1.2,0.9,Regular
2011,Mike Bibby,28.6,8.6,3.1,7.2,0.5,0.8,1.3,Regular
2011,Rudy Fernandez,23.3,8.6,2.7,7.4,1.6,1.9,1.1,Regular
2011,Metta World Peace,29.4,8.5,3.2,8,1.1,1.7,1.1,Regular
2011,Hakim Warrick,17.7,8.4,2.9,5.6,2.7,3.7,1,Regular
2011,Anthony Parker,29,8.3,3.1,7.7,1,1.3,1.1,Regular
2011,DeJuan Blair,21.4,8.3,3.6,7.2,1.1,1.7,1.4,Regular
2011,Kyle Korver,20.1,8.3,3,6.8,0.9,1.1,0.7,Regular
2011,Courtney Lee,21.3,8.3,3.1,7.1,1.2,1.5,0.8,Regular
2011,Nenad Krstic,22.1,8.1,3.3,6.4,1.6,2.1,0.8,Regular
2011,Samuel Dalembert,24.2,8.1,3.4,7.1,1.4,1.9,1.7,Regular
2011,Tracy McGrady,23.4,8,3.2,7.1,1.3,1.8,1.4,Regular
2011,Jason Kidd,33.2,7.9,2.7,7.5,0.8,1,2.2,Regular
2011,Shane Battier,29,7.6,2.8,6.2,0.8,1.1,1,Regular
2011,Goran Dragic,17.6,7.5,2.7,6.3,1.2,1.9,1.7,Regular
2011,Austin Daye,20.1,7.5,2.7,6.5,1.1,1.5,0.8,Regular
2011,Al Thornton,19.5,7.4,2.9,6.1,1.5,2,0.9,Regular
2011,Sam Young,20.2,7.3,3,6.3,1.1,1.5,0.8,Regular
2011,Evan Turner,23,7.2,2.9,6.8,1.3,1.6,1,Regular
2011,Spencer Hawes,21.2,7.2,3.3,7,0.6,1.1,1.2,Regular
2011,Nazr Mohammed,17.1,7.1,3.1,6,0.9,1.5,0.9,Regular
2011,DeAndre Jordan,25.6,7.1,2.9,4.3,1.2,2.7,1.3,Regular
2011,Derrick Favors,19.7,6.8,2.8,5.3,1.3,2.2,1,Regular
2011,Eric Bledsoe,22.7,6.7,2.5,6,1.2,1.6,2.4,Regular
2011,Luc Mbah a Moute,26.5,6.7,2.5,5.4,1.7,2.4,1,Regular
2011,Shaun Livingston,17.3,6.6,2.5,5.4,1.5,1.7,1.2,Regular
2011,Mario Chalmers,22.6,6.4,2.2,5.5,0.8,0.9,1.3,Regular
2011,Maurice Evans,21.2,6.3,2.4,5.8,0.7,0.8,0.5,Regular
2011,Ronnie Brewer,22,6.2,2.5,5.3,1.1,1.6,0.7,Regular
2011,Dante Cunningham,21,6.2,2.8,6.1,0.6,0.8,0.7,Regular
2011,James Jones,19.1,5.9,1.8,4.3,0.7,0.9,0.3,Regular
2011,Ryan Hollins,16.9,5.3,1.9,3.1,1.6,2.3,1,Regular
2011,DeShawn Stevenson,16.1,5.3,1.8,4.6,0.5,0.6,0.6,Regular
2011,Jeff Teague,13.8,5.2,1.9,4.3,1.1,1.4,0.9,Regular
2011,Thabo Sefolosha,25.9,5.1,2,4.2,0.7,1,0.7,Regular
2011,Vladimir Radmanovic,15.8,5.1,1.9,4.3,0.4,0.5,0.8,Regular
2011,C.J. Watson,13.3,4.9,1.8,4.8,0.8,1.1,0.9,Regular
2011,Nick Collison,21.5,4.6,1.9,3.4,0.8,1,0.8,Regular
2011,Zaza Pachulia,15.7,4.4,1.4,2.9,1.7,2.3,0.9,Regular
2011,Keith Bogans,17.8,4.4,1.5,3.7,0.3,0.4,0.5,Regular
2011,Jason Smith,14.3,4.3,1.8,4,0.8,0.9,0.7,Regular
2011,Earl Watson,19.6,4.3,1.6,3.8,0.7,1,1.5,Regular
2011,Johan Petro,11.6,3.5,1.7,3.8,0.2,0.4,0.6,Regular
2011,Joel Anthony,19.5,2,0.7,1.3,0.6,1,0.5,Regular
2012,Kevin Durant,38.6,28,9.7,19.7,6.5,7.6,3.8,All Star
2012,LeBron James,37.5,27.1,10,18.9,6.2,8.1,3.4,All Star
2012,Kevin Love,39,26,8.6,19.3,6.9,8.4,2.3,Regular
2012,Russell Westbrook,35.3,23.6,8.8,19.2,5.2,6.3,3.6,All Star
2012,Carmelo Anthony,34.1,22.6,8,18.6,5.4,6.7,2.6,All Star
2012,Dirk Nowitzki,33.5,21.6,7.6,16.7,5.1,5.7,1.9,Regular
2012,Deron Williams,36.3,21,7.1,17.5,4.7,5.5,4,Regular
2012,Blake Griffin,36.2,20.7,8.5,15.5,3.7,7.1,2.3,All Star
2012,Monta Ellis,36.6,20.4,7.8,17.9,3.8,4.7,3.1,Regular
2012,David Lee,37.2,20.1,8.1,16.2,3.8,4.9,2.6,All Star
2012,Chris Paul,36.4,19.8,7.1,14.8,4.3,5,2.1,All Star
2012,Al Jefferson,34,19.2,8.5,17.2,2.2,2.9,1,Regular
2012,Brandon Jennings,35.3,19.1,7.1,17,2.9,3.6,2.2,Regular
2012,Rudy Gay,37.3,19,7.5,16.4,3.2,4,2.5,Regular
2012,Josh Smith,35.3,18.8,7.6,16.7,3.1,4.9,2.5,Regular
2012,Andrew Bynum,35.2,18.7,7.4,13.3,3.9,5.6,2.5,Regular
2012,Danny Granger,33.3,18.7,6.3,15.2,4.1,4.7,1.8,Regular
2012,Tony Parker,32.1,18.3,7.1,14.8,3.8,4.7,2.6,All Star
2012,DeMarcus Cousins,30.5,18.1,7,15.6,4.1,5.8,2.7,Regular
2012,Chris Bosh,35.2,18,6.9,14.2,4,4.9,2.1,All Star
2012,Pau Gasol,37.4,17.4,7.1,14.1,3.1,4,2.2,Regular
2012,Antawn Jamison,33.1,17.2,6.5,16.1,2.8,4.2,1.4,Regular
2012,DeMar DeRozan,35,16.7,6,14.3,4.3,5.3,2,Regular
2012,Paul Millsap,32.8,16.6,6.7,13.5,3.2,4,1.8,Regular
2012,Tyreke Evans,34.3,16.5,6.5,14.3,3.2,4.1,2.7,Regular
2012,Ty Lawson,34.8,16.4,6.1,12.6,2.9,3.5,2.4,Regular
2012,John Wall,36.2,16.3,5.7,13.5,4.8,6.1,3.9,Regular
2012,Ryan Anderson,32.2,16.1,5.4,12.4,2.5,2.8,0.9,Regular
2012,Luis Scola,31.3,15.5,6.6,13.5,2.3,3,2.3,Regular
2012,Arron Afflalo,33.6,15.2,5.3,11.3,3.2,4,1.4,Regular
2012,Jason Terry,31.7,15.1,5.7,13.2,1.6,1.8,2,Regular
2012,Lou Williams,26.3,14.9,5,12.2,3.7,4.6,1.1,Regular
2012,Jordan Crawford,27.4,14.7,5.5,13.6,2.5,3.2,2.2,Regular
2012,Marc Gasol,36.5,14.6,5.5,11.4,3.6,4.9,1.9,Regular
2012,Jamal Crawford,26.9,14,4.7,12.3,3.2,3.4,1.9,Regular
2012,Nicolas Batum,30.4,13.9,4.9,10.9,2.3,2.7,1.5,Regular
2012,Kris Humphries,34.9,13.8,5.2,10.8,3.4,4.5,1.9,Regular
2012,Jrue Holiday,33.8,13.5,5.5,12.8,1.4,1.8,2.1,All Star
2012,Ersan Ilyasova,27.6,13,4.9,10,2.4,3.1,1.3,Regular
2012,Brandon Knight,32.3,12.8,4.8,11.7,1.6,2.1,2.6,Regular
2012,Roy Hibbert,29.8,12.8,5.1,10.3,2.6,3.7,2,Regular
2012,Thaddeus Young,27.9,12.8,5.5,10.9,1.8,2.3,0.9,Regular
2012,David West,29.2,12.8,5.3,10.8,2.2,2.7,1.4,Regular
2012,Jared Dudley,31.1,12.7,4.8,9.9,1.8,2.5,1.1,Regular
2012,O.J. Mayo,26.8,12.6,4.5,11.2,2,2.6,1.9,Regular
2012,Klay Thompson,24.4,12.5,4.8,10.9,1.2,1.4,1.6,Regular
2012,Brandon Bass,31.7,12.5,5.1,10.7,2.2,2.8,1.1,Regular
2012,Steve Nash,31.6,12.5,4.8,9,2,2.3,3.7,Regular
2012,Paul George,29.7,12.1,4.3,9.7,2.2,2.8,1.8,All Star
2012,Anthony Morrow,26.4,12,4.4,10.6,1.6,1.7,1.1,Regular
2012,Caron Butler,29.7,12,4.6,11.2,1.4,1.7,1.2,Regular
2012,Jameer Nelson,29.9,11.9,4.5,10.6,1.2,1.5,2.4,Regular
2012,Marco Belinelli,29.8,11.8,4.3,10.4,1.5,2,1,Regular
2012,JJ Redick,27.2,11.6,3.8,9,2.2,2.4,1,Regular
2012,Isaiah Thomas,25.5,11.5,3.9,8.8,2.4,2.8,1.6,Regular
2012,Raymond Felton,31.8,11.4,4.4,10.7,1.7,2.1,2.8,Regular
2012,Courtney Lee,30.3,11.4,4.3,10,1.2,1.5,1.1,Regular
2012,Devin Harris,27.6,11.3,3.8,8.6,2.5,3.3,1.9,Regular
2012,Tyson Chandler,33.2,11.3,3.9,5.7,3.5,5.1,1.6,All Star
2012,Leandro Barbosa,21.6,11.1,4.2,10,1.6,1.9,1.5,Regular
2012,Randy Foye,25.9,11,3.9,9.9,1.1,1.3,1.1,Regular
2012,Shawn Marion,30.5,10.6,4.6,10.3,1.2,1.5,1.6,Regular
2012,Darren Collison,31.3,10.4,3.8,8.7,2.1,2.6,1.9,Regular
2012,Joakim Noah,30.4,10.2,3.9,7.7,2.4,3.2,1.4,All Star
2012,Vince Carter,25.3,10.1,3.7,8.9,1.6,1.9,1.4,Regular
2012,Mario Chalmers,28.5,9.8,3.5,7.8,1.3,1.6,2.2,Regular
2012,Tony Allen,26.3,9.8,3.6,7.7,2.4,3,1.6,Regular
2012,Brandon Rush,26.4,9.8,3.6,7.2,1,1.3,1,Regular
2012,DeJuan Blair,21.3,9.5,4.2,7.9,1.1,1.9,1.4,Regular
2012,Iman Shumpert,28.9,9.5,3.6,9.1,1.5,1.8,1.9,Regular
2012,Tiago Splitter,19,9.3,3.6,5.8,2.1,3.1,1.5,Regular
2012,Tyler Hansbrough,21.8,9.3,2.9,7.3,3.4,4.2,1,Regular
2012,Glen Davis,23.4,9.3,3.7,8.8,1.9,2.7,1.2,Regular
2012,Richard Jefferson,27.7,9.2,3.2,7.7,0.9,1.3,0.8,Regular
2012,Danny Green,23.1,9.1,3.2,7.2,1.2,1.5,1,Regular
2012,Serge Ibaka,27.2,9.1,4,7.4,1.2,1.8,1.2,Regular
2012,Greivis Vasquez,25.8,8.9,3.4,7.9,1.5,1.8,2.2,Regular
2012,Derrick Williams,21.5,8.8,3.1,7.5,2.1,3,1.2,Regular
2012,Landry Fields,28.7,8.8,3.6,7.8,1.2,2.1,1.5,Regular
2012,Jonas Jerebko,22.9,8.7,3.3,7.1,1.6,1.9,1,Regular
2012,Jodie Meeks,24.9,8.4,2.9,7.1,1.2,1.3,0.4,Regular
2012,Tristan Thompson,23.7,8.2,3.2,7.4,1.8,3.2,1.4,Regular
2012,Kyle Korver,22.6,8.1,2.7,6.3,0.8,1,0.8,Regular
2012,Zaza Pachulia,28.3,7.8,2.9,5.8,2,2.7,1.4,Regular
2012,Metta World Peace,26.9,7.7,2.9,7.3,1.1,1.8,1.1,Regular
2012,Taj Gibson,20.4,7.7,3.2,6.4,1.3,2.1,1,Regular
2012,Patrick Patterson,23.2,7.7,3.5,8,0.6,0.9,0.8,Regular
2012,Jimmer Fredette,18.6,7.6,2.8,7.3,0.7,0.8,1.1,Regular
2012,Avery Bradley,21.4,7.6,3.1,6.3,1,1.2,1.2,Regular
2012,Samuel Dalembert,22.2,7.5,3.1,6.1,1.4,1.7,1.3,Regular
2012,Alec Burks,15.9,7.2,2.6,6.1,1.8,2.4,0.9,Regular
2012,Amir Johnson,24.3,7.1,3.1,5.3,0.9,1.3,1.5,Regular
2012,Ronnie Brewer,24.8,6.9,2.9,6.7,0.8,1.5,0.9,Regular
2012,Norris Cole,19.4,6.8,2.7,6.9,1,1.3,1.6,Regular
2012,Matt Bonner,20.4,6.6,2.4,5.4,0.2,0.3,0.2,Regular
2012,Jason Maxiell,22.6,6.5,2.8,5.9,0.9,1.6,1.1,Regular
2012,Boris Diaw,25,6.4,2.7,6.2,0.4,0.6,2,Regular
2012,Ed Davis,23.2,6.3,2.6,5.1,1.1,1.6,1,Regular
2012,Sebastian Telfair,14.9,6.1,2.4,5.7,0.9,1.1,1.1,Regular
2012,Wesley Johnson,22.6,6,2.4,6.1,0.4,0.5,0.9,Regular
2012,Al-Farouq Aminu,22.4,6,2.3,5.5,1.3,1.7,1.4,Regular
2012,Beno Udrih,18.3,5.9,2.5,5.6,0.7,0.9,1.3,Regular
2012,Ekpe Udoh,21.1,5.6,2.1,4.8,1.4,1.9,0.9,Regular
2012,Derek Fisher,23.9,5.6,2,5.5,0.9,1.1,1.2,Regular
2012,Shaun Livingston,18.8,5.5,2.2,4.7,1.1,1.4,1.1,Regular
2012,Daequan Cook,17.4,5.5,1.9,5.2,0.2,0.4,0.3,Regular
2012,Dahntay Jones,16.2,5.3,1.8,4.3,1.3,1.5,0.7,Regular
2012,Dante Cunningham,17.6,5.2,2.3,4.4,0.7,1.1,0.5,Regular
2012,Kendrick Perkins,26.8,5.1,2,4,1.1,1.7,1.8,Regular
2012,Marcus Camby,22.9,4.9,2.2,4.9,0.5,1.1,1,Regular
2012,Shane Battier,23.1,4.8,1.7,4.5,0.4,0.6,0.6,Regular
2012,Jan Vesely,18.9,4.7,2.1,3.8,0.6,1.1,1.1,Regular
2012,Chris Singleton,21.7,4.6,1.8,4.7,0.5,0.7,0.6,Regular
2012,Shelden Williams,22,4.6,1.7,3.5,1.3,1.8,1.1,Regular
2012,Enes Freedom,13.2,4.6,1.8,3.6,1.1,1.6,0.8,Regular
2012,Nick Collison,20.7,4.5,1.9,3.2,0.7,1,1,Regular
2012,Quincy Pondexter,15.7,4.2,1.7,3.7,0.5,0.8,0.5,Regular
2012,Shelvin Mack,12.2,3.6,1.4,3.4,0.7,0.9,0.8,Regular
2012,Lou Amundson,12.6,3.6,1.5,3.5,0.6,1.4,0.8,Regular
2012,Joel Anthony,21.1,3.4,1.3,2.4,0.8,1.1,0.7,Regular
2012,Damien Wilkins,15.4,3.2,1.3,3.2,0.6,0.9,0.5,Regular
2012,Troy Murphy,16.2,3.2,1.3,2.9,0.1,0.2,0.4,Regular
2012,Nazr Mohammed,11,2.7,1.3,2.7,0.2,0.4,0.4,Regular
2012,Ben Wallace,15.8,1.4,0.5,1.4,0.3,0.8,0.5,Regular
2013,Carmelo Anthony,37,28.7,10,22.2,6.3,7.6,2.6,All Star
2013,Kevin Durant,38.5,28.1,9,17.7,8.4,9.3,3.5,All Star
2013,Kobe Bryant,38.6,27.3,9.5,20.4,6.7,8,3.7,All Star
2013,LeBron James,37.9,26.8,10.1,17.8,5.3,7,3,All Star
2013,James Harden,38.3,25.9,7.5,17.1,8.6,10.2,3.8,All Star
2013,Stephen Curry,38.2,22.9,8,17.8,3.4,3.7,3.1,All Star
2013,Dwyane Wade,34.7,21.2,8.2,15.8,4.5,6.2,2.8,All Star
2013,LaMarcus Aldridge,37.7,21.1,8.6,17.8,3.8,4.7,1.9,All Star
2013,Monta Ellis,37.5,19.2,7.3,17.5,3.5,4.6,3.1,Regular
2013,Damian Lillard,38.6,19,6.7,15.7,3.3,3.9,3,All Star
2013,Deron Williams,36.4,18.9,6.3,14.4,4.1,4.7,2.8,Regular
2013,Paul Pierce,33.4,18.6,6.2,14.2,4.3,5.5,2.8,Regular
2013,David Lee,36.8,18.5,7.6,14.7,3.2,4.1,2.6,Regular
2013,Rudy Gay,35.8,18.2,6.9,16.7,3.2,3.9,2.6,Regular
2013,DeMar DeRozan,36.7,18.1,6.7,15,4.3,5.2,1.8,All Star
2013,Al Jefferson,33.1,17.8,7.8,15.8,2.1,2.8,1.3,Regular
2013,Kemba Walker,34.9,17.7,6.4,15.2,3.6,4.5,2.4,Regular
2013,Brandon Jennings,36.2,17.5,6.2,15.6,2.9,3.5,2.5,Regular
2013,Josh Smith,35.3,17.5,7.2,15.6,2.2,4.2,3,Regular
2013,Al Horford,37.2,17.4,7.8,14.3,1.8,2.8,2,Regular
2013,David West,33.4,17.1,6.9,13.8,3.3,4.3,2.2,Regular
2013,DeMarcus Cousins,30.5,17.1,6.4,13.8,4.2,5.6,3,Regular
2013,Chris Paul,33.4,16.9,5.9,12.2,4.1,4.6,2.3,All Star
2013,Ty Lawson,34.4,16.7,6.1,13.3,3.2,4.3,2.5,Regular
2013,Chris Bosh,33.2,16.6,6.6,12.3,3.3,4.1,1.7,All Star
2013,Klay Thompson,35.8,16.6,6.2,14.7,1.6,1.9,1.9,Regular
2013,Jamal Crawford,29.3,16.5,5.9,13.4,2.8,3.3,1.9,Regular
2013,Luol Deng,38.7,16.5,6.2,14.6,3.1,3.8,1.9,Regular
2013,Joe Johnson,36.7,16.3,6.2,14.6,1.8,2.2,1.7,All Star
2013,Carlos Boozer,32.2,16.2,6.9,14.4,2.4,3.3,2.2,Regular
2013,Danilo Gallinari,32.5,16.2,5.1,12.3,4,4.9,1.6,Regular
2013,Ryan Anderson,30.9,16.2,5.8,13.8,1.9,2.2,1.2,Regular
2013,Greg Monroe,33.2,16,6.3,13.1,3.3,4.8,2.9,Regular
2013,Chandler Parsons,36.3,15.5,6,12.4,1.5,2,1.9,Regular
2013,Zach Randolph,34.3,15.4,6.2,13.5,3,3.9,2,Regular
2013,O.J. Mayo,35.5,15.3,5.6,12.5,2.3,2.8,2.6,Regular
2013,Goran Dragic,33.5,14.7,5.2,11.8,3.2,4.2,2.8,Regular
2013,Mike Conley,34.5,14.6,5.2,11.8,2.9,3.5,2.4,Regular
2013,Jeff Teague,32.9,14.6,5.5,12.2,2.5,2.8,2.9,Regular
2013,Gordon Hayward,29.2,14.1,4.7,10.7,3.4,4.1,1.7,Regular
2013,Kevin Martin,27.7,14,4.5,10.1,2.8,3.2,1.3,Regular
2013,Jeremy Lin,32.2,13.4,4.8,10.9,2.6,3.4,2.9,Regular
2013,Brandon Knight,31.5,13.3,4.8,11.7,2.2,3,2.7,Regular
2013,Serge Ibaka,31.1,13.2,5.6,9.7,1.8,2.4,1.6,Regular
2013,Ersan Ilyasova,27.6,13.2,5.1,11,1.7,2.2,1,Regular
2013,Nate Robinson,25.4,13.1,4.9,11.2,1.6,2.1,1.8,Regular
2013,Jarrett Jack,29.7,12.9,4.9,10.8,2.1,2.5,2,Regular
2013,Jeff Green,27.8,12.8,4.6,10,2.6,3.3,1.6,Regular
2013,Luis Scola,26.6,12.8,5.3,11.2,2.2,2.8,1.5,Regular
2013,Marcus Thornton,24,12.7,4.6,10.8,1.5,1.8,0.9,Regular
2013,Metta World Peace,33.7,12.4,4.4,11,1.7,2.3,1.3,Regular
2013,Corey Brewer,24.4,12.1,4.6,10.8,1.8,2.6,1.2,Regular
2013,Derrick Williams,24.6,12,4.3,10.1,2.5,3.5,1.3,Regular
2013,Jordan Crawford,24.4,11.6,4.3,10.4,1.8,2.3,2,Regular
2013,Rodney Stuckey,28.6,11.5,4,9.8,2.8,3.6,1.8,Regular
2013,Martell Webster,28.9,11.4,3.7,8.4,2.2,2.6,1.2,Regular
2013,Robin Lopez,26,11.3,4.7,8.8,2,2.5,1.3,Regular
2013,Jose Calderon,29.6,11.3,4.3,8.7,1,1.1,1.7,Regular
2013,Ben Gordon,20.8,11.2,4.1,10.1,1.4,1.7,1.8,Regular
2013,Spencer Hawes,27.2,11,4.6,9.9,1.5,1.9,1.6,Regular
2013,Carl Landry,23.2,10.8,4,7.4,2.8,3.4,1.4,Regular
2013,Danny Green,27.5,10.5,3.7,8.3,0.8,1,1.2,Regular
2013,Caron Butler,24.1,10.4,3.9,9.2,1,1.2,0.9,Regular
2013,Tayshaun Prince,32.1,10.4,4.4,10,1.2,1.6,1.1,Regular
2013,Patrick Patterson,25,10.4,4.5,8.8,0.7,0.9,0.9,Regular
2013,Tiago Splitter,24.7,10.3,3.9,7,2.6,3.5,1.2,Regular
2013,Andray Blatche,19,10.3,4.2,8.2,1.8,2.6,1.5,Regular
2013,Alonzo Gee,31,10.3,3.7,9.1,2,2.5,1.6,Regular
2013,Omer Asik,30,10.1,4,7.5,2,3.6,2.1,Regular
2013,Michael Beasley,20.7,10.1,4.1,10.2,1.3,1.7,1.9,Regular
2013,Larry Sanders,27.3,9.8,4.3,8.5,1.2,1.9,1.2,Regular
2013,Emeka Okafor,26,9.7,4.2,8.7,1.4,2.4,1.4,Regular
2013,Marco Belinelli,25.8,9.6,3.3,8.4,1.9,2.3,1.1,Regular
2013,Andre Miller,26.2,9.6,3.7,7.7,2,2.4,2.1,Regular
2013,Derrick Favors,23.2,9.4,3.6,7.4,2.3,3.4,1.7,Regular
2013,Antawn Jamison,21.5,9.4,3.5,7.6,1.2,1.8,0.7,Regular
2013,Harrison Barnes,25.4,9.2,3.4,7.8,1.8,2.3,1.2,Regular
2013,Dorell Wright,22.6,9.2,3,7.6,1.5,1.8,0.8,Regular
2013,Kevin Seraphin,21.8,9.1,4.2,9.1,0.8,1.1,1.6,Regular
2013,Michael Kidd-Gilchrist,26,9,3.6,7.9,1.8,2.4,1.3,Regular
2013,Tony Allen,26.7,8.9,3.6,8.1,1.7,2.4,1.2,Regular
2013,John Salmons,30,8.8,3.2,8.1,1.1,1.4,1.1,Regular
2013,DeAndre Jordan,24.5,8.8,3.8,6,1.2,3,1.2,Regular
2013,Kyle Singler,28,8.8,3.4,7.8,1.2,1.5,1.2,Regular
2013,Dante Cunningham,25.1,8.7,3.9,8.4,0.8,1.3,0.7,Regular
2013,Brandon Bass,27.6,8.7,3.5,7.3,1.6,1.9,1,Regular
2013,Jimmy Butler,26,8.6,2.9,6.2,2.3,2.8,0.8,Regular
2013,Eric Bledsoe,20.4,8.5,3.3,7.5,1.4,1.8,1.8,Regular
2013,Marreese Speights,16.5,8.3,3.3,7.4,1.7,2.2,1,Regular
2013,Maurice Harkless,26,8.2,3.4,7.4,1,1.7,0.9,Regular
2013,Kosta Koufos,22.4,8,3.6,6.3,0.7,1.3,0.7,Regular
2013,Jodie Meeks,21.3,7.9,2.6,6.8,1.1,1.2,0.7,Regular
2013,Tyler Zeller,26.4,7.9,3.2,7.3,1.6,2,1.2,Regular
2013,Wayne Ellington,21.3,7.9,2.9,6.8,0.9,1,0.7,Regular
2013,E'Twaun Moore,22.4,7.8,3.2,8,0.6,0.8,1.4,Regular
2013,Thabo Sefolosha,27.5,7.6,2.8,5.8,0.7,0.9,0.8,Regular
2013,Toney Douglas,18.1,7.5,2.6,6.6,1.1,1.2,1.1,Regular
2013,Al-Farouq Aminu,27.2,7.3,3,6.2,1.3,1.8,1.5,Regular
2013,Enes Freedom,15.4,7.2,2.9,5.4,1.3,1.7,1.4,Regular
2013,Elton Brand,21.2,7.2,3.1,6.6,0.9,1.3,0.8,Regular
2013,Tyler Hansbrough,16.9,7,2.2,5,2.7,3.7,1,Regular
2013,Jason Maxiell,24.8,6.9,2.8,6.3,1.3,2,1.1,Regular
2013,Shane Battier,24.8,6.6,2.1,5,0.4,0.5,0.5,Regular
2013,Terrence Ross,17,6.4,2.5,6.3,0.4,0.6,0.7,Regular
2013,Jason Kidd,26.9,6,2,5.4,0.5,0.6,1,Regular
2013,Greg Smith,15.9,6,2.4,3.9,1.2,1.9,0.6,Regular
2013,Boris Diaw,22.8,5.8,2.4,4.4,0.6,0.9,1.1,Regular
2013,Norris Cole,19.9,5.6,2.2,5.3,0.7,1,1.3,Regular
2013,MarShon Brooks,12.5,5.4,2.1,4.6,0.9,1.3,0.9,Regular
2013,Reggie Jackson,14.2,5.3,2.1,4.6,0.7,0.9,0.8,Regular
2013,Nick Collison,19.5,5.1,2.2,3.7,0.7,1,0.9,Regular
2013,Jae Crowder,17.3,5,1.8,4.7,0.6,0.9,0.6,Regular
2013,Bismack Biyombo,27.3,4.8,2,4.3,0.9,1.8,1,Regular
2013,Thomas Robinson,15.1,4.8,2,4.6,0.8,1.6,1.3,Regular
2013,Reggie Evans,24.6,4.5,1.6,3.3,1.4,2.8,1.4,Regular
2013,Kendrick Perkins,25.1,4.2,1.8,4,0.6,0.9,1.4,Regular
2013,Lamar Odom,19.7,4,1.8,4.5,0.2,0.5,1,Regular
2013,Udonis Haslem,18.9,3.9,1.7,3.3,0.4,0.6,0.6,Regular
2013,Pablo Prigioni,16.2,3.5,1.3,2.8,0.3,0.3,1.1,Regular
2013,Dahntay Jones,13,3.4,1.1,2.8,1.1,1.4,0.5,Regular
2013,Draymond Green,13.4,2.9,1.1,3.3,0.6,0.7,0.6,Regular
2013,Chuck Hayes,16.3,2.7,1.1,2.6,0.4,0.6,0.6,Regular
2013,Festus Ezeli,14.4,2.4,0.9,2.2,0.6,1,0.8,Regular
2014,Kevin Durant,38.5,32,10.5,20.8,8.7,9.9,3.5,All Star
2014,LeBron James,37.7,27.1,10,17.6,5.7,7.6,3.5,All Star
2014,Kevin Love,36.3,26.1,8.4,18.5,6.8,8.2,2.5,Regular
2014,Stephen Curry,36.5,24,8.4,17.7,3.9,4.5,3.8,All Star
2014,LaMarcus Aldridge,36.2,23.2,9.4,20.6,4.3,5.2,1.8,All Star
2014,DeMarcus Cousins,32.4,22.7,8.3,16.8,6.1,8.4,3.5,All Star
2014,DeMar DeRozan,38.2,22.7,7.6,17.8,6.6,8,2.2,Regular
2014,Al Jefferson,35,21.8,9.6,18.8,2.6,3.8,1.7,Regular
2014,Paul George,36.2,21.7,7.2,17,5,5.8,2.8,Regular
2014,Kyrie Irving,35.2,20.8,7.5,17.4,4.1,4.8,2.7,All Star
2014,Isaiah Thomas,34.7,20.3,6.9,15.2,4.8,5.7,3,Regular
2014,Goran Dragic,35.1,20.3,7.3,14.4,4.2,5.5,2.8,Regular
2014,Rudy Gay,34.7,20,7.4,16.2,4.4,5.3,3.1,Regular
2014,Chris Paul,35,19.1,6.5,14,4.8,5.6,2.3,All Star
2014,Kevin Martin,32,19.1,6.5,15,4.5,5,1.6,Regular
2014,Monta Ellis,36.9,19,7,15.6,4.1,5.2,3.2,Regular
2014,Jamal Crawford,30.3,18.6,6.1,14.7,4,4.7,2,Regular
2014,Klay Thompson,35.4,18.4,6.9,15.5,1.8,2.3,1.7,All Star
2014,Dwight Howard,33.7,18.3,6.7,11.3,4.9,9,3.2,Regular
2014,Arron Afflalo,35,18.2,6.4,13.8,3.8,4.6,2,Regular
2014,David Lee,33.2,18.2,7.4,14.2,3.3,4.3,2.2,Regular
2014,Paul Millsap,33.5,17.9,6.5,14.1,3.9,5.3,2.5,All Star
2014,Kyle Lowry,36.2,17.9,5.8,13.7,4,4.9,2.5,All Star
2014,Brandon Knight,33.3,17.9,6.4,15.2,3.6,4.5,2.6,Regular
2014,Nick Young,28.3,17.9,6,13.9,3.7,4.5,1.5,Regular
2014,Kemba Walker,35.8,17.7,6.2,15.7,3.9,4.6,2.3,Regular
2014,Ty Lawson,35.8,17.6,5.6,13,5.2,6.5,3.2,Regular
2014,Pau Gasol,31.4,17.4,7.1,14.8,3.1,4.2,2.4,All Star
2014,Mike Conley,33.5,17.2,6.3,14.1,3.1,3.8,2.1,Regular
2014,Bradley Beal,34.7,17.1,6.6,15.7,2,2.6,1.8,Regular
2014,Jeff Green,34.2,16.9,5.9,14.3,3.5,4.3,2,Regular
2014,Tony Parker,29.4,16.7,6.7,13.4,2.9,3.6,2.2,Regular
2014,Michael Carter-Williams,34.5,16.7,6.1,15.1,3.7,5.2,3.5,Regular
2014,Chandler Parsons,37.6,16.6,6.3,13.3,2.2,3,1.9,Regular
2014,Wesley Matthews,33.9,16.4,5.4,12.3,3.1,3.7,1.3,Regular
2014,Chris Bosh,32,16.2,6.2,12.1,2.8,3.4,1.6,All Star
2014,Gordon Hayward,36.4,16.2,5.5,13.4,4,4.9,2.8,Regular
2014,Luol Deng,35.1,16,5.9,13.7,3.4,4.3,1.8,Regular
2014,Joe Johnson,32.6,15.8,5.8,12.9,2,2.5,1.5,Regular
2014,Jodie Meeks,33.2,15.7,5.4,11.6,2.9,3.4,1.4,Regular
2014,Eric Gordon,32.1,15.4,5.6,12.8,2.7,3.5,2.1,Regular
2014,Greg Monroe,32.8,15.2,6.1,12.4,2.9,4.5,2,Regular
2014,Serge Ibaka,32.9,15.1,6.5,12.1,1.9,2.5,1.5,Regular
2014,Tim Duncan,29.2,15.1,6,12.2,3.1,4.3,2.1,All Star
2014,Avery Bradley,30.9,14.9,6,13.8,1.5,1.9,1.6,Regular
2014,Marc Gasol,33.4,14.6,5.7,12.1,3.1,4.1,1.9,All Star
2014,Gerald Henderson,32,14,5.2,12.1,3.1,4,1.5,Regular
2014,David West,30.9,14,5.7,11.7,2.5,3.1,1.7,Regular
2014,Evan Turner,30.3,14,5.4,12.6,2.6,3.2,2.3,Regular
2014,Rodney Stuckey,26.7,13.9,5.1,11.7,3.3,4,1.7,Regular
2014,Victor Oladipo,31.1,13.8,4.9,11.7,3.1,4,3.2,Regular
2014,Kenneth Faried,27.2,13.7,5.6,10.3,2.5,3.9,1.7,Regular
2014,Wilson Chandler,31.1,13.6,5,11.9,1.8,2.5,1.3,Regular
2014,Andre Drummond,32.3,13.5,5.9,9.5,1.7,4,1.4,Regular
2014,Derrick Favors,30.2,13.3,5.3,10.2,2.6,3.9,1.8,Regular
2014,Jared Sullinger,27.6,13.3,5.2,12.1,2.1,2.7,1.6,Regular
2014,Marcin Gortat,32.8,13.2,5.6,10.4,1.9,2.8,1.6,Regular
2014,Randy Foye,30.7,13.2,4.5,10.8,1.9,2.3,1.8,Regular
2014,Jimmy Butler,38.7,13.1,4.1,10.3,3.9,5,1.5,All Star
2014,D.J. Augustin,27.3,13.1,4.2,10.1,2.8,3.2,1.8,Regular
2014,Reggie Jackson,28.5,13.1,5,11.5,2,2.2,2.1,Regular
2014,Nicolas Batum,36,13,4.6,10,2,2.5,2.5,Regular
2014,Taj Gibson,28.7,13,5.2,10.9,2.6,3.4,1.8,Regular
2014,Kawhi Leonard,29.1,12.8,5.1,9.8,1.5,1.9,1.2,Regular
2014,Trey Burke,32.3,12.8,4.9,12.8,1.5,1.6,1.9,Regular
2014,Joakim Noah,35.3,12.6,4.8,10,3.1,4.2,2.4,Regular
2014,Enes Freedom,26.7,12.3,5.2,10.7,1.9,2.6,1.8,Regular
2014,Manu Ginobili,22.8,12.3,4.3,9.2,2.4,2.8,2,Regular
2014,Corey Brewer,32.2,12.3,4.8,10,2,2.8,1.3,Regular
2014,Ramon Sessions,26.7,12.3,4,9.3,3.9,4.9,1.8,Regular
2014,Terrence Jones,27.3,12.1,5.1,9.4,1.6,2.6,0.9,Regular
2014,Khris Middleton,30,12.1,4.6,10.4,1.4,1.7,1.5,Regular
2014,Jameer Nelson,32,12.1,4.3,11,1.4,1.6,2.4,Regular
2014,Kyle Korver,33.9,12,4.1,8.6,1.2,1.3,1.4,All Star
2014,Vince Carter,24.4,11.9,4.1,10,2,2.4,1.3,Regular
2014,JJ Hickson,26.9,11.8,4.8,9.5,2.2,4.2,1.9,Regular
2014,Tristan Thompson,31.6,11.7,4.4,9.3,2.9,4.1,1.3,Regular
2014,Jose Calderon,30.5,11.4,4.2,9.2,0.6,0.8,1.3,Regular
2014,Darren Collison,25.9,11.4,4.1,8.7,2.4,2.8,1.7,Regular
2014,Marco Belinelli,25.2,11.4,4.2,8.7,1.4,1.6,1.2,Regular
2014,Andray Blatche,22.2,11.2,4.4,9.2,2.2,3,1.5,Regular
2014,Channing Frye,28.2,11.1,4.1,9.5,1,1.2,1.1,Regular
2014,Robin Lopez,31.8,11.1,4.3,7.9,2.4,3,1,Regular
2014,Jordan Crawford,23,11,4,9.7,1.8,2.1,1.7,Regular
2014,Terrence Ross,26.7,10.9,3.9,9.3,1,1.2,1.1,Regular
2014,Roy Hibbert,29.7,10.8,4.1,9.3,2.6,3.3,1.8,Regular
2014,DeAndre Jordan,35,10.4,4.2,6.3,2,4.6,1.5,Regular
2014,Amir Johnson,28.8,10.4,4.5,7.9,1.2,1.9,1.6,Regular
2014,George Hill,32,10.3,3.6,8.1,1.9,2.3,1.2,Regular
2014,Tim Hardaway Jr.,23.1,10.2,3.6,8.5,1.3,1.6,0.6,Regular
2014,Richard Jefferson,27,10.1,3.6,8,1.5,2,1.1,Regular
2014,James Anderson,28.9,10.1,3.9,9,1,1.3,1.3,Regular
2014,Matt Barnes,27.5,9.9,3.7,8.4,1,1.4,1.3,Regular
2014,Mario Chalmers,29.8,9.8,3.5,7.7,1.7,2.2,2.2,Regular
2014,Marcus Thornton,24.2,9.8,3.5,8.9,1.3,1.6,0.9,Regular
2014,Mo Williams,24.8,9.7,3.8,9.1,1.1,1.2,2,Regular
2014,Martell Webster,27.7,9.7,3.3,7.5,1.3,1.6,0.7,Regular
2014,Marcus Morris Sr.,22,9.7,3.5,7.9,1.5,1.9,1.2,Regular
2014,Raymond Felton,31,9.7,3.7,9.4,1.4,1.9,2,Regular
2014,Jordan Hill,20.8,9.7,4,7.2,1.7,2.5,1,Regular
2014,Courtney Lee,25,9.6,3.7,7.8,1.3,1.4,0.9,Regular
2014,Ray Allen,26.5,9.6,3.3,7.4,1.4,1.6,1.2,Regular
2014,Greivis Vasquez,22.5,9.6,3.5,8.3,1.2,1.4,1.6,Regular
2014,Ricky Rubio,32.2,9.5,3.1,8.2,2.8,3.5,2.7,Regular
2014,Jarrett Jack,28.2,9.5,3.6,8.7,1.6,1.9,1.7,Regular
2014,Harrison Barnes,28.3,9.5,3.5,8.7,1.7,2.3,1.1,Regular
2014,Glen Davis,24.4,9.4,4,8.7,1.4,2,1.1,Regular
2014,Andre Iguodala,32.4,9.3,3.5,7.3,1.4,2.1,1.6,Regular
2014,Jerryd Bayless,23.4,9.3,3.4,8.6,1.3,1.6,1.1,Regular
2014,Marvin Williams,25.4,9.1,3.5,8,0.9,1.1,0.8,Regular
2014,Kirk Hinrich,29,9.1,3.3,8.5,1.3,1.7,1.6,Regular
2014,Danny Green,24.3,9.1,3.2,7.4,0.7,0.9,1.1,Regular
2014,Boris Diaw,25,9.1,3.8,7.3,0.9,1.2,1.5,Regular
2014,Wesley Johnson,28.4,9.1,3.5,8.2,0.8,1,1.1,Regular
2014,Kelly Olynyk,20,8.7,3.3,7.2,1.4,1.7,1.5,Regular
2014,Patrick Patterson,23.6,8.5,3.5,7.5,0.8,1.1,1,Regular
2014,Josh McRoberts,30.3,8.5,3.2,7.3,0.8,1.1,1.1,Regular
2014,Anderson Varejao,27.7,8.4,3.5,7.1,1.4,2.1,1.1,Regular
2014,J.J. Barea,18.6,8.4,3.2,8.3,1,1.3,1.6,Regular
2014,Shaun Livingston,26,8.3,3.1,6.4,2.1,2.5,1.4,Regular
2014,Tiago Splitter,21.5,8.2,3.1,5.9,2.1,2.9,1.3,Regular
2014,Derrick Williams,23.3,8,2.6,6.2,2.4,3.3,1,Regular
2014,Ryan Kelly,22.2,8,2.7,6.3,1.9,2.3,0.8,Regular
2014,Austin Rivers,19.4,7.7,2.8,6.9,1.6,2.5,1.1,Regular
2014,Luis Scola,17.1,7.6,3.2,6.8,1.2,1.7,1.3,Regular
2014,Mason Plumlee,18.2,7.4,2.8,4.3,1.7,2.8,1.1,Regular
2014,Andrew Bogut,26.4,7.3,3.5,5.6,0.3,1,1.4,Regular
2014,Alan Anderson,22.7,7.2,2.5,6.2,1.2,1.5,0.8,Regular
2014,Michael Kidd-Gilchrist,24.2,7.2,2.7,5.7,1.8,3,1,Regular
2014,Al-Farouq Aminu,25.6,7.2,2.9,6.2,1.1,1.7,1.1,Regular
2014,Jason Thompson,24.5,7.1,3.1,6,1,1.8,1.2,Regular
2014,Mike Miller,20.8,7.1,2.6,5.4,0.6,0.7,0.9,Regular
2014,Jared Dudley,23.4,6.9,2.6,6,0.5,0.8,0.8,Regular
2014,Omri Casspi,18.1,6.9,2.4,5.8,1.2,1.7,1,Regular
2014,Iman Shumpert,26.5,6.7,2.5,6.5,0.7,1,1.1,Regular
2014,Chris Andersen,19.4,6.6,2.5,3.8,1.7,2.3,0.7,Regular
2014,Samuel Dalembert,20.2,6.6,2.7,4.7,1.3,1.7,1.1,Regular
2014,C.J. Watson,18.9,6.6,2.3,5.3,1.1,1.4,1,Regular
2014,Marreese Speights,12.4,6.4,2.5,5.6,1.4,1.7,0.8,Regular
2014,Norris Cole,24.6,6.4,2.5,6.1,0.6,0.8,1.5,Regular
2014,Kosta Koufos,16.9,6.4,2.8,5.7,0.8,1.2,0.8,Regular
2014,DeJuan Blair,15.6,6.4,2.7,5,1,1.6,1,Regular
2014,E'Twaun Moore,19.1,6.3,2.5,5.8,0.7,0.9,0.7,Regular
2014,Dante Cunningham,20.2,6.3,2.9,6.3,0.5,0.8,0.5,Regular
2014,Kyle O'Quinn,17.2,6.2,2.7,5.4,0.8,1.2,1.1,Regular
2014,Anthony Tolliver,20.3,6.1,2,4.8,0.5,0.6,0.4,Regular
2014,Jeremy Evans,18.3,6.1,2.7,5,0.8,1.1,0.6,Regular
2014,Kent Bazemore,13.6,6,2.2,5.1,1,1.6,1.2,Regular
2014,Hollis Thompson,22.6,6,2.2,4.8,0.7,0.9,0.8,Regular
2014,Cody Zeller,17.3,6,2.1,4.9,1.8,2.4,1.1,Regular
2014,Tayshaun Prince,25.6,6,2.6,6.5,0.4,0.8,0.5,Regular
2014,Darrell Arthur,17.1,5.9,2.4,6,0.8,0.9,0.9,Regular
2014,Andrew Nicholson,15.4,5.7,2.4,5.5,0.6,0.8,0.7,Regular
2014,Tyler Zeller,15,5.7,2.2,4.1,1.2,1.7,0.9,Regular
2014,Ed Davis,15.2,5.7,2.5,4.6,0.7,1.4,0.6,Regular
2014,Robert Sacre,16.8,5.4,2.2,4.6,1,1.4,0.7,Regular
2014,Derek Fisher,17.6,5.2,1.7,4.5,0.7,0.9,0.6,Regular
2014,Gerald Wallace,24.4,5.1,2,4,0.8,1.7,1.7,Regular
2014,Dorell Wright,14.5,5,1.6,4.4,0.8,1,0.6,Regular
2014,Luke Ridnour,18.7,5,2.1,5.4,0.3,0.4,1.1,Regular
2014,Andre Miller,16.9,4.9,1.8,4,1,1.3,1.1,Regular
2014,Tyler Hansbrough,15.3,4.9,1.5,3.1,2,2.9,0.7,Regular
2014,Gorgui Dieng,13.6,4.8,1.9,3.8,1,1.6,0.9,Regular
2014,Matthew Dellavedova,17.7,4.7,1.7,4.1,0.5,0.7,0.8,Regular
2014,Jae Crowder,16.1,4.6,1.7,3.8,0.6,0.8,0.5,Regular
2014,Tony Snell,16,4.5,1.7,4.4,0.4,0.5,0.6,Regular
2014,Rashard Lewis,16.2,4.5,1.6,3.9,0.4,0.6,0.6,Regular
2014,Jonas Jerebko,11.6,4.2,1.5,3.3,0.7,0.9,0.7,Regular
2014,Nick Collison,16.7,4.2,1.7,3,0.8,1.1,0.9,Regular
2014,Shane Battier,20.1,4.1,1.4,3.8,0.2,0.3,0.3,Regular
2014,Alonzo Gee,15.7,4,1.5,3.6,0.7,0.9,0.7,Regular
2014,Pablo Prigioni,19.4,3.8,1.3,2.9,0.2,0.2,0.9,Regular
2014,Luc Mbah a Moute,15.7,3.5,1.4,3,0.7,1,0.6,Regular
2014,Diante Garrett,14.8,3.5,1.4,3.7,0.1,0.2,1.1,Regular
2014,Jeff Ayres,13,3.3,1.4,2.4,0.5,0.8,0.9,Regular
2014,Steven Adams,14.8,3.3,1.1,2.3,1,1.7,0.9,Regular
2014,Matt Bonner,11.3,3.2,1.2,2.7,0.1,0.2,0.3,Regular
2014,Quincy Acy,13.5,2.7,1,2.2,0.6,0.8,0.5,Regular
2014,Ryan Hollins,7.9,2.3,0.9,1.2,0.6,0.9,0.5,Regular
2014,Chuck Hayes,12.3,2.2,0.9,2.1,0.3,0.4,0.5,Regular
2014,Garrett Temple,8.5,1.8,0.7,1.9,0.4,0.6,0.6,Regular
2015,James Harden,36.8,27.4,8,18.1,8.8,10.2,4,All Star
2015,DeMarcus Cousins,34.1,24.1,8.4,18.1,7.2,9.2,4.3,All Star
2015,LaMarcus Aldridge,35.4,23.4,9.3,19.9,4.3,5.1,1.7,All Star
2015,Blake Griffin,35.2,21.9,8.6,17.1,4.6,6.4,2.3,Regular
2015,Kyrie Irving,36.4,21.7,7.7,16.5,4.2,4.9,2.5,Regular
2015,Damian Lillard,35.7,21,7.2,16.6,4.2,4.9,2.7,Regular
2015,Gordon Hayward,34.4,19.3,6.4,14.3,4.9,6.1,2.7,Regular
2015,Chris Paul,34.8,19.1,6.9,14.3,3.5,3.9,2.3,All Star
2015,Monta Ellis,33.7,18.9,7.5,16.9,2.9,3.8,2.5,Regular
2015,Victor Oladipo,35.7,17.9,6.6,15.1,3.6,4.4,2.8,Regular
2015,Kyle Lowry,34.5,17.8,6.1,14.9,3.6,4.5,2.5,All Star
2015,John Wall,35.9,17.6,6.6,14.8,3.6,4.6,3.8,All Star
2015,Brook Lopez,29.2,17.2,7,13.7,3.1,3.8,1.4,Regular
2015,Tobias Harris,34.8,17.1,6.5,14,2.8,3.6,1.7,Regular
2015,Eric Bledsoe,34.6,17,5.8,12.9,4.4,5.4,3.4,Regular
2015,Brandon Knight,32.3,17,6,14.1,3.1,3.5,3,Regular
2015,Al Jefferson,30.6,16.6,7.5,15.5,1.7,2.5,1,Regular
2015,Tyreke Evans,34.1,16.6,6.6,14.7,2.6,3.7,3.1,Regular
2015,Kawhi Leonard,31.8,16.5,6.2,12.8,3.2,3.9,1.5,All Star
2015,Kevin Love,33.8,16.4,5.5,12.7,3.4,4.3,1.6,Regular
2015,JJ Redick,30.9,16.4,5.7,12,2.3,2.6,1.2,Regular
2015,Goran Dragic,33.8,16.3,6.4,12.8,2.3,3,2.2,Regular
2015,Zach Randolph,32.5,16.1,6.4,13.1,3.2,4.2,2.2,Regular
2015,Derrick Favors,30.8,16,6.5,12.4,3,4.5,1.6,Regular
2015,Wesley Matthews,33.7,15.9,5.6,12.5,1.8,2.4,1.4,Regular
2015,Jeff Teague,30.5,15.9,5.6,12.2,3.8,4.4,2.8,Regular
2015,Mike Conley,31.8,15.8,5.6,12.6,3.1,3.6,2.2,Regular
2015,Chandler Parsons,33.1,15.7,5.8,12.6,2.1,2.9,1.5,Regular
2015,Markieff Morris,31.5,15.3,6.2,13.4,2.2,2.8,2.1,Regular
2015,Bradley Beal,33.4,15.3,5.8,13.5,2.1,2.6,2,Regular
2015,Al Horford,30.5,15.2,6.8,12.7,1.4,1.9,1.3,All Star
2015,Michael Carter-Williams,32.6,14.6,5.5,13.9,3.1,4.4,3.8,Regular
2015,Joe Johnson,34.9,14.4,5.6,12.8,1.8,2.2,1.7,Regular
2015,Tony Parker,28.7,14.4,5.9,12.2,1.9,2.4,2.1,Regular
2015,Mo Williams,29.1,14.2,5,12.6,2.4,2.8,2.5,Regular
2015,Thaddeus Young,32,14.1,5.9,12.7,1.7,2.6,1.5,Regular
2015,Avery Bradley,31.5,13.9,5.6,13.2,1,1.3,1.4,Regular
2015,Tim Duncan,28.9,13.9,5.4,10.6,3,4,1.7,Regular
2015,Andre Drummond,30.5,13.8,6,11.7,1.7,4.5,1.5,All Star
2015,Ryan Anderson,27.5,13.7,4.8,12,2.1,2.5,1,Regular
2015,Robert Covington,27.9,13.5,4.3,10.8,2.5,3.1,1.8,Regular
2015,Eric Gordon,33.1,13.4,4.7,11.4,1.8,2.2,2,Regular
2015,Khris Middleton,30.1,13.4,5.1,11,1.7,2,1.4,Regular
2015,Jared Sullinger,27,13.3,5.4,12.2,1.7,2.2,1.3,Regular
2015,Arron Afflalo,32.1,13.3,4.8,11.3,2.1,2.5,1.5,Regular
2015,Trevor Ariza,35.7,12.8,4.5,11.1,1.5,1.7,1.7,Regular
2015,Kentavious Caldwell-Pope,31.5,12.7,4.8,11.9,1.3,1.9,1.1,Regular
2015,Giannis Antetokounmpo,31.4,12.7,4.7,9.6,3.2,4.3,2.1,Regular
2015,Rodney Stuckey,26.4,12.6,4.7,10.6,2.5,3,1.7,Regular
2015,DeMarre Carroll,31.3,12.6,4.5,9.3,1.8,2.6,1.1,Regular
2015,Kenneth Faried,27.8,12.6,5,9.8,2.7,3.8,1.6,Regular
2015,Danilo Gallinari,24.2,12.4,3.9,9.6,2.9,3.2,1,Regular
2015,Josh Smith,27.7,12.4,5,11.9,1.5,3.1,2.5,Regular
2015,Kyle Korver,32.2,12.1,3.9,8,1.4,1.6,1.4,Regular
2015,Ben McLemore,32.6,12.1,4.4,10.1,1.6,2,1.7,Regular
2015,Gerald Henderson,28.9,12.1,4.6,10.6,2.3,2.7,1.4,Regular
2015,JR Smith,29.7,12.1,4.5,10.8,0.8,1,1.4,Regular
2015,Donatas Motiejunas,28.7,12,5,9.9,1.4,2.3,1.7,Regular
2015,Jonas Valanciunas,26.2,12,4.7,8.2,2.7,3.5,1.4,Regular
2015,Jordan Hill,26.8,12,5.1,11.1,1.8,2.4,1.5,Regular
2015,Gerald Green,19.5,11.9,4.4,10.5,1.3,1.6,1.4,Regular
2015,Jordan Clarkson,25,11.9,4.5,10.1,2.2,2.7,1.6,Regular
2015,Paul Pierce,26.2,11.9,4,9,2.2,2.9,1.3,Regular
2015,Danny Green,28.5,11.7,4,9.1,1.4,1.6,1.1,Regular
2015,Draymond Green,31.5,11.7,4.3,9.7,1.7,2.5,1.7,All Star
2015,David West,28.7,11.7,4.9,10.4,1.8,2.4,1.8,Regular
2015,DeAndre Jordan,34.4,11.5,4.6,6.5,2.3,5.7,1.3,Regular
2015,Ersan Ilyasova,22.7,11.5,4.5,9.6,1.2,1.8,0.8,Regular
2015,Corey Brewer,26.1,11.5,4.3,10.1,2.1,2.8,1.6,Regular
2015,O.J. Mayo,23.9,11.4,4.2,9.9,1.6,2,1.8,Regular
2015,Jeremy Lin,25.8,11.2,3.7,8.8,2.9,3.6,2.2,Regular
2015,Jodie Meeks,24.4,11.1,3.7,8.9,2.4,2.7,1,Regular
2015,Nene,25.3,11,4.6,9,1.8,3,1.9,Regular
2015,Anthony Morrow,24.4,10.7,3.9,8.3,1.1,1.2,0.5,Regular
2015,Brandon Bass,23.5,10.6,4.2,8.3,2.1,2.6,1,Regular
2015,Roy Hibbert,25.3,10.6,4.2,9.3,2.2,2.7,1.4,Regular
2015,Manu Ginobili,22.7,10.5,3.6,8.4,2.1,2.9,2.2,Regular
2015,Marcus Morris Sr.,25.2,10.4,4.1,9.4,0.9,1.4,0.9,Regular
2015,Marreese Speights,15.9,10.4,4.2,8.5,2,2.3,1.1,Regular
2015,Taj Gibson,27.3,10.3,4.1,8.2,2.1,3,1.2,Regular
2015,Tyson Chandler,30.5,10.3,3.9,5.9,2.5,3.4,1.4,Regular
2015,Mario Chalmers,29.6,10.2,3.3,8.3,2.6,3.3,2.2,Regular
2015,Tyler Zeller,21.1,10.2,4.1,7.5,1.9,2.3,0.9,Regular
2015,Zach LaVine,24.7,10.1,3.7,8.8,1.9,2.3,2.5,Regular
2015,Courtney Lee,30.6,10.1,3.7,8.4,1.4,1.7,1,Regular
2015,Harrison Barnes,28.3,10.1,3.9,8,1.3,1.8,0.9,Regular
2015,Wayne Ellington,25.8,10,3.9,9.5,0.8,1,0.8,Regular
2015,Dennis Schroder,19.7,10,3.7,8.6,1.9,2.3,1.9,Regular
2015,Timofey Mozgov,25.3,9.7,3.9,7,1.9,2.7,1.4,Regular
2015,Robin Lopez,27.8,9.6,4,7.4,1.7,2.2,1.2,Regular
2015,D.J. Augustin,24,9.5,3.1,7.9,2.2,2.5,1.8,Regular
2015,Greivis Vasquez,24.3,9.5,3.6,8.8,0.6,0.8,1.5,Regular
2015,Mike Dunleavy,29.2,9.4,3.3,7.6,1.1,1.4,1,Regular
2015,Amir Johnson,26.4,9.3,4,6.9,1.1,1.7,1.5,Regular
2015,P.J. Tucker,30.6,9.1,3.3,7.6,1.3,1.8,1.2,Regular
2015,Bojan Bogdanovic,23.8,9,3.3,7.4,1.1,1.4,1,Regular
2015,Rajon Rondo,29.7,8.9,4,9.5,0.5,1.1,3.1,Regular
2015,Elfrid Payton,30.4,8.9,3.7,8.6,1.4,2.6,2.5,Regular
2015,Omri Casspi,21.1,8.9,3.1,6.4,2.1,2.9,1.3,Regular
2015,Hollis Thompson,25,8.8,3.2,7.6,0.9,1.3,0.9,Regular
2015,Mason Plumlee,21.3,8.7,3.4,6,1.9,3.9,1.3,Regular
2015,Boris Diaw,24.5,8.7,3.6,7.8,0.9,1.1,1.6,Regular
2015,Chris Kaman,18.9,8.6,3.8,7.4,1,1.4,1.5,Regular
2015,Tony Allen,26.2,8.6,3.6,7.2,1.3,2,1.4,Regular
2015,Tristan Thompson,26.8,8.5,3.3,6,1.9,3,1,Regular
2015,Jameer Nelson,22.3,8.3,3.3,8,0.4,0.6,1.7,Regular
2015,Lance Stephenson,25.8,8.2,3.4,9,1.1,1.8,2.1,Regular
2015,Henry Sims,19.2,8,3.3,6.9,1.5,1.9,1.4,Regular
2015,Iman Shumpert,24.9,8,3.1,7.6,0.7,1,1.5,Regular
2015,Jason Smith,21.8,8,3.1,7.2,1.5,1.9,1.3,Regular
2015,Kris Humphries,21,8,3.3,7,1.4,1.8,0.7,Regular
2015,James Johnson,19.6,7.9,3.4,5.8,1,1.5,1.1,Regular
2015,Andre Iguodala,26.9,7.8,3,6.4,0.9,1.5,1.1,Regular
2015,Marcus Smart,27,7.8,2.6,7.1,1.2,1.9,1.3,Regular
2015,Mike Scott,16.5,7.8,3,6.7,0.9,1.1,0.6,Regular
2015,Jerryd Bayless,22.3,7.8,2.9,6.7,1.6,1.8,1.7,Regular
2015,Steven Adams,25.3,7.7,3.1,5.7,1.5,2.9,1.4,Regular
2015,Norris Cole,24.4,7.6,3.1,7.4,0.8,1.1,1.3,Regular
2015,Cody Zeller,24,7.6,2.8,6,2,2.6,1,Regular
2015,JJ Hickson,19.3,7.6,3,6.3,1.6,2.8,1.3,Regular
2015,J.J. Barea,17.7,7.5,2.9,7,1,1.2,0.9,Regular
2015,Tayshaun Prince,24.1,7.5,3.1,6.9,0.8,1.1,0.6,Regular
2015,Marvin Williams,26.1,7.4,2.7,6.3,0.8,1.1,0.8,Regular
2015,Ray McCallum,21.1,7.4,3,6.9,0.8,1.2,1.3,Regular
2015,Alan Anderson,23.6,7.4,2.6,5.9,1.1,1.4,0.8,Regular
2015,Omer Asik,26.1,7.3,2.8,5.4,1.7,3,1.3,Regular
2015,Channing Frye,24.9,7.3,2.5,6.5,0.4,0.5,1,Regular
2015,Joakim Noah,30.6,7.2,2.8,6.4,1.6,2.6,1.8,Regular
2015,Jared Dudley,23.8,7.2,2.8,5.9,0.7,0.9,0.9,Regular
2015,Carl Landry,17,7.2,2.7,5.3,1.8,2.1,0.8,Regular
2015,Trevor Booker,19.8,7.2,2.9,5.9,1.1,1.9,1.1,Regular
2015,Quincy Pondexter,23.9,7.2,2.5,6,0.9,1.3,0.7,Regular
2015,Lance Thomas,24,7.1,2.9,7.1,1.2,1.6,1.2,Regular
2015,Leandro Barbosa,14.9,7.1,2.8,5.8,0.9,1.1,0.7,Regular
2015,Jason Terry,21.3,7,2.4,5.8,0.5,0.6,1,Regular
2015,John Henson,18.3,7,2.9,5.2,1.2,2,1.3,Regular
2015,Austin Rivers,20.6,7,2.7,6.5,1.1,1.7,0.9,Regular
2015,Jusuf Nurkic,17.8,6.9,2.8,6.2,1.4,2.1,1.4,Regular
2015,Will Barton,17,6.8,2.6,6.1,1.3,1.6,1.1,Regular
2015,Chase Budinger,19.2,6.8,2.5,5.8,1,1.2,0.7,Regular
2015,Cory Joseph,18.3,6.8,2.6,5.2,1.3,1.8,0.8,Regular
2015,Brian Roberts,18.5,6.7,2.4,6.3,0.9,1,0.8,Regular
2015,Darrell Arthur,17,6.6,2.7,6.6,0.8,1,0.8,Regular
2015,Aron Baynes,16,6.6,2.6,4.7,1.3,1.5,0.9,Regular
2015,Alexis Ajinca,14.1,6.5,2.7,4.8,1.2,1.5,1,Regular
2015,Anthony Tolliver,18.9,6.3,2.1,5.2,0.7,0.9,0.7,Regular
2015,Andrew Bogut,23.6,6.3,3,5.3,0.3,0.6,1.6,Regular
2015,Charlie Villanueva,10.6,6.3,2.3,5.7,0.3,0.5,0.4,Regular
2015,Shane Larkin,24.5,6.2,2.5,5.7,0.8,1,1.1,Regular
2015,Tony Snell,19.6,6,2.2,5.2,0.6,0.8,0.7,Regular
2015,Kyle Singler,21.8,6,2.2,5.6,0.5,0.7,0.7,Regular
2015,Jonas Jerebko,16.4,6,2.3,5.1,0.7,0.9,0.6,Regular
2015,Shaun Livingston,18.8,5.9,2.5,5.1,0.8,1.2,1.3,Regular
2015,Caron Butler,20.8,5.9,2.1,5.1,0.7,0.8,0.6,Regular
2015,Quincy Acy,18.9,5.9,2.2,4.9,1.1,1.4,0.9,Regular
2015,Richard Jefferson,16.8,5.8,1.9,4.4,1.1,1.5,0.7,Regular
2015,Spencer Hawes,17.5,5.8,2.2,5.7,0.6,0.9,0.8,Regular
2015,Kirk Hinrich,24.4,5.7,2.2,5.8,0.5,0.8,1.1,Regular
2015,Pero Antic,16.5,5.7,1.7,4.7,1.4,2,0.8,Regular
2015,Al-Farouq Aminu,18.5,5.6,2,4.8,1.1,1.6,0.7,Regular
2015,Cole Aldrich,16,5.5,2.4,4.9,0.8,1,1,Regular
2015,Chris Andersen,18.9,5.3,2,3.5,1.3,1.9,0.7,Regular
2015,Kent Bazemore,17.7,5.2,1.9,4.4,0.8,1.3,1,Regular
2015,Kosta Koufos,16.6,5.2,2.2,4.4,0.7,1,0.9,Regular
2015,Dante Cunningham,25,5.2,2.3,5.1,0.4,0.7,0.5,Regular
2015,James Ennis III,17,5,1.6,4,1.3,1.5,0.6,Regular
2015,Joe Ingles,21.2,5,1.9,4.5,0.4,0.5,1.2,Regular
2015,Dante Exum,22.2,4.8,1.8,5.1,0.2,0.4,1.4,Regular
2015,Matthew Dellavedova,20.6,4.8,1.7,4.6,0.4,0.6,0.9,Regular
2015,Bismack Biyombo,19.4,4.8,1.6,2.9,1.6,2.7,0.8,Regular
2015,Andre Miller,15.5,4.4,1.8,3.6,0.7,1,1.3,Regular
2015,Ian Mahinmi,18.8,4.3,1.9,3.5,0.5,1.7,1,Regular
2015,Steve Blake,18.9,4.3,1.5,4,0.4,0.5,1.3,Regular
2015,Udonis Haslem,16,4.2,1.7,3.9,0.7,1,0.7,Regular
2015,Nick Calathes,14.4,4.2,1.8,4.3,0.4,0.8,1.1,Regular
2015,Nick Collison,16.7,4.1,1.6,3.8,0.7,1,0.7,Regular
2015,Pablo Prigioni,17.9,4.1,1.4,3.4,0.5,0.6,0.9,Regular
2015,Luke Babbitt,13.2,4.1,1.5,3,0.2,0.3,0.4,Regular
2015,Miles Plumlee,16.4,4,1.9,3.5,0.3,0.6,0.7,Regular
2015,Glen Davis,12.2,4,1.6,3.4,0.8,1.3,0.5,Regular
2015,Dewayne Dedmon,14.3,3.7,1.5,2.7,0.6,1.1,0.9,Regular
2015,Andre Roberson,19.2,3.4,1.4,3,0.3,0.7,0.7,Regular
2015,Jason Maxiell,14.4,3.3,1.3,3.1,0.7,1.2,0.5,Regular
2015,Joey Dorsey,12.4,2.7,1.2,2.1,0.3,1.2,0.6,Regular
